"Cluster","Image"
"1","1","X3380321.png"
"2","1","X3380322.png"
"3","1","X3380324.png"
"4","1","X3380325.png"
"5","2","X3380327.png"
"6","1","X3380333.png"
"7","3","X3380337.png"
"8","3","X3380348.png"
"9","4","X3380349.png"
"10","5","X3380351.png"
"11","6","X3381023.png"
"12","7","X3381028.png"
"13","8","X3381029.png"
"14","9","X3381036.png"
"15","8","X3381038.png"
"16","3","X3381039.png"
"17","8","X3381041.png"
"18","10","X3381044.png"
"19","1","X3381045.png"
"20","2","X3381054.png"
"21","3","X3381964.png"
"22","6","X3381967.png"
"23","7","X3381968.png"
"24","11","X3381973.png"
"25","4","X3381974.png"
"26","1","X3381978.png"
"27","3","X3381981.png"
"28","3","X3381984.png"
"29","1","X3381988.png"
"30","11","X3381994.png"
"31","1","X3382697.png"
"32","1","X3382701.png"
"33","3","X3382702.png"
"34","2","X3382708.png"
"35","12","X3382714.png"
"36","11","X3382721.png"
"37","13","X3382724.png"
"38","3","X3382728.png"
"39","14","X3382729.png"
"40","15","X3382736.png"
"41","10","X3383404.png"
"42","16","X3383412.png"
"43","17","X3383414.png"
"44","18","X3383416.png"
"45","19","X3383418.png"
"46","9","X3383419.png"
"47","4","X3383431.png"
"48","14","X3383435.png"
"49","3","X3383442.png"
"50","8","X3383443.png"
"51","20","X3383488.png"
"52","15","X3383495.png"
"53","21","X3383496.png"
"54","11","X3383497.png"
"55","1","X3383500.png"
"56","3","X3383503.png"
"57","6","X3383518.png"
"58","4","X3383521.png"
"59","6","X3383522.png"
"60","4","X3383523.png"
"61","9","X3383530.png"
"62","12","X3383532.png"
"63","1","X3383539.png"
"64","4","X3383541.png"
"65","11","X3383549.png"
"66","10","X3383553.png"
"67","13","X3383556.png"
"68","13","X3383557.png"
"69","1","X3383558.png"
"70","3","X3383564.png"
"71","3","X3383858.png"
"72","1","X3383865.png"
"73","10","X3383868.png"
"74","1","X3383871.png"
"75","5","X3383872.png"
"76","19","X3383874.png"
"77","3","X3383876.png"
"78","3","X3383877.png"
"79","4","X3383882.png"
"80","1","X3383884.png"
"81","3","X3385369.png"
"82","2","X3385374.png"
"83","13","X3385377.png"
"84","3","X3385379.png"
"85","4","X3385384.png"
"86","7","X3385388.png"
"87","5","X3385392.png"
"88","11","X3385398.png"
"89","15","X3385400.png"
"90","3","X3385404.png"
"91","18","X3386289.png"
"92","3","X3386293.png"
"93","4","X3386295.png"
"94","1","X3386297.png"
"95","3","X3386302.png"
"96","1","X3386303.png"
"97","11","X3386309.png"
"98","15","X3386311.png"
"99","5","X3386315.png"
"100","22","X3386323.png"
"101","21","X3386367.png"
"102","1","X3386370.png"
"103","1","X3386375.png"
"104","1","X3386381.png"
"105","3","X3386382.png"
"106","4","X3386385.png"
"107","13","X3386389.png"
"108","1","X3386391.png"
"109","4","X3386396.png"
"110","10","X3386397.png"
"111","10","X3386864.png"
"112","1","X3386866.png"
"113","10","X3386877.png"
"114","9","X3386878.png"
"115","3","X3386882.png"
"116","4","X3386889.png"
"117","9","X3386892.png"
"118","1","X3386895.png"
"119","4","X3386900.png"
"120","5","X3386902.png"
"121","15","X3387430.png"
"122","16","X3387433.png"
"123","4","X3387437.png"
"124","23","X3387443.png"
"125","24","X3387446.png"
"126","24","X3387448.png"
"127","8","X3387449.png"
"128","9","X3387450.png"
"129","1","X3387463.png"
"130","6","X3387464.png"
"131","1","X3389268.png"
"132","3","X3389269.png"
"133","3","X3389270.png"
"134","1","X3389272.png"
"135","9","X3389278.png"
"136","1","X3389282.png"
"137","15","X3389285.png"
"138","7","X3389287.png"
"139","1","X3389290.png"
"140","1","X3389294.png"
"141","1","X3389305.png"
"142","1","X3389314.png"
"143","3","X3389321.png"
"144","6","X3389323.png"
"145","13","X3389326.png"
"146","24","X3389327.png"
"147","3","X3389331.png"
"148","1","X3389332.png"
"149","1","X3389334.png"
"150","13","X3389336.png"
"151","5","X3391578.png"
"152","1","X3391580.png"
"153","15","X3391585.png"
"154","13","X3391586.png"
"155","11","X3391588.png"
"156","3","X3391597.png"
"157","3","X3391599.png"
"158","3","X3391603.png"
"159","13","X3391608.png"
"160","13","X3391611.png"
"161","15","X3392306.png"
"162","20","X3392309.png"
"163","20","X3392312.png"
"164","1","X3392313.png"
"165","3","X3392314.png"
"166","7","X3392316.png"
"167","7","X3392317.png"
"168","19","X3392325.png"
"169","3","X3392326.png"
"170","5","X3392343.png"
"171","1","X3392550.png"
"172","1","X3392552.png"
"173","21","X3392555.png"
"174","3","X3392556.png"
"175","4","X3392560.png"
"176","21","X3392561.png"
"177","4","X3392563.png"
"178","3","X3392567.png"
"179","13","X3392568.png"
"180","4","X3392584.png"
"181","15","X3392799.png"
"182","10","X3392802.png"
"183","8","X3392803.png"
"184","9","X3392809.png"
"185","3","X3392814.png"
"186","13","X3392818.png"
"187","1","X3392823.png"
"188","7","X3392829.png"
"189","15","X3392832.png"
"190","1","X3392835.png"
"191","16","X3394048.png"
"192","8","X3394053.png"
"193","11","X3394057.png"
"194","1","X3394060.png"
"195","4","X3394069.png"
"196","11","X3394070.png"
"197","15","X3394072.png"
"198","8","X3394074.png"
"199","20","X3394077.png"
"200","7","X3394082.png"
"201","17","X3394292.png"
"202","18","X3394293.png"
"203","7","X3394300.png"
"204","11","X3394302.png"
"205","2","X3394307.png"
"206","8","X3394318.png"
"207","3","X3394319.png"
"208","15","X3394322.png"
"209","20","X3394324.png"
"210","3","X3394330.png"
"211","3","X3394749.png"
"212","15","X3394751.png"
"213","3","X3394765.png"
"214","15","X3394766.png"
"215","15","X3394769.png"
"216","10","X3394774.png"
"217","8","X3394788.png"
"218","4","X3394790.png"
"219","6","X3394794.png"
"220","3","X3394795.png"
"221","14","X3395086.png"
"222","15","X3395091.png"
"223","3","X3395092.png"
"224","11","X3395094.png"
"225","1","X3395096.png"
"226","10","X3395102.png"
"227","22","X3395105.png"
"228","4","X3395110.png"
"229","23","X3395111.png"
"230","19","X3395119.png"
"231","15","X3395528.png"
"232","10","X3395530.png"
"233","2","X3395532.png"
"234","3","X3395533.png"
"235","8","X3395536.png"
"236","21","X3395540.png"
"237","3","X3395543.png"
"238","24","X3395547.png"
"239","1","X3395561.png"
"240","1","X3395564.png"
"241","1","X3395975.png"
"242","15","X3395985.png"
"243","4","X3395986.png"
"244","13","X3395988.png"
"245","1","X3395990.png"
"246","17","X3395994.png"
"247","13","X3395998.png"
"248","15","X3396004.png"
"249","1","X3396006.png"
"250","15","X3396012.png"
"251","15","X3396356.png"
"252","1","X3396357.png"
"253","1","X3396358.png"
"254","15","X3396368.png"
"255","8","X3396372.png"
"256","1","X3396373.png"
"257","3","X3396374.png"
"258","7","X3396375.png"
"259","3","X3396378.png"
"260","5","X3396380.png"
"261","1","X3396874.png"
"262","1","X3396888.png"
"263","1","X3396890.png"
"264","15","X3396891.png"
"265","3","X3396893.png"
"266","14","X3396894.png"
"267","1","X3396897.png"
"268","23","X3396900.png"
"269","13","X3396903.png"
"270","3","X3396907.png"
"271","15","X3397486.png"
"272","3","X3397488.png"
"273","4","X3397489.png"
"274","3","X3397494.png"
"275","15","X3397498.png"
"276","16","X3397507.png"
"277","9","X3397508.png"
"278","17","X3397510.png"
"279","1","X3397511.png"
"280","2","X3397514.png"
"281","8","X3397976.png"
"282","15","X3397977.png"
"283","1","X3397983.png"
"284","3","X3397984.png"
"285","22","X3397986.png"
"286","15","X3397990.png"
"287","10","X3397992.png"
"288","20","X3397995.png"
"289","1","X3397998.png"
"290","22","X3398001.png"
"291","19","X3399471.png"
"292","1","X3399473.png"
"293","18","X3399475.png"
"294","3","X3399479.png"
"295","19","X3399482.png"
"296","5","X3399487.png"
"297","4","X3399488.png"
"298","14","X3399490.png"
"299","7","X3399492.png"
"300","11","X3399501.png"
"301","8","X3399591.png"
"302","1","X3399594.png"
"303","11","X3399598.png"
"304","19","X3399603.png"
"305","3","X3399607.png"
"306","4","X3399608.png"
"307","11","X3399614.png"
"308","3","X3399623.png"
"309","3","X3399624.png"
"310","11","X3399628.png"
"311","17","X3400355.png"
"312","1","X3400356.png"
"313","1","X3400361.png"
"314","3","X3400372.png"
"315","3","X3400377.png"
"316","1","X3400382.png"
"317","3","X3400383.png"
"318","1","X3400385.png"
"319","11","X3400386.png"
"320","23","X3400390.png"
"321","17","X3400844.png"
"322","3","X3400847.png"
"323","5","X3400849.png"
"324","3","X3400855.png"
"325","1","X3400858.png"
"326","15","X3400870.png"
"327","15","X3400871.png"
"328","3","X3400875.png"
"329","1","X3400876.png"
"330","8","X3400877.png"
"331","1","X3401856.png"
"332","20","X3401857.png"
"333","13","X3401859.png"
"334","3","X3401860.png"
"335","10","X3401861.png"
"336","3","X3401863.png"
"337","15","X3401872.png"
"338","1","X3401878.png"
"339","1","X3401882.png"
"340","1","X3401897.png"
"341","15","X3401994.png"
"342","15","X3401995.png"
"343","3","X3402001.png"
"344","3","X3402005.png"
"345","21","X3402007.png"
"346","3","X3402009.png"
"347","9","X3402012.png"
"348","4","X3402018.png"
"349","24","X3402020.png"
"350","25","X3402022.png"
"351","16","X3402192.png"
"352","5","X3402199.png"
"353","15","X3402209.png"
"354","5","X3402215.png"
"355","1","X3402218.png"
"356","9","X3402220.png"
"357","7","X3402221.png"
"358","15","X3402229.png"
"359","1","X3402231.png"
"360","19","X3402234.png"
"361","15","X3402321.png"
"362","22","X3402322.png"
"363","1","X3402323.png"
"364","11","X3402328.png"
"365","23","X3402330.png"
"366","15","X3402337.png"
"367","1","X3402339.png"
"368","12","X3402343.png"
"369","2","X3402349.png"
"370","15","X3402354.png"
"371","15","X3403265.png"
"372","1","X3403271.png"
"373","4","X3403276.png"
"374","3","X3403279.png"
"375","15","X3403281.png"
"376","1","X3403286.png"
"377","1","X3403287.png"
"378","1","X3403289.png"
"379","1","X3403297.png"
"380","1","X3403301.png"
"381","7","X3403673.png"
"382","3","X3403675.png"
"383","1","X3403679.png"
"384","11","X3403682.png"
"385","1","X3403687.png"
"386","5","X3403689.png"
"387","18","X3403694.png"
"388","1","X3403695.png"
"389","1","X3403697.png"
"390","1","X3403703.png"
"391","2","X3404809.png"
"392","13","X3404813.png"
"393","6","X3404815.png"
"394","15","X3404819.png"
"395","21","X3404825.png"
"396","3","X3404829.png"
"397","15","X3404831.png"
"398","3","X3404834.png"
"399","15","X3404835.png"
"400","1","X3404844.png"
"401","1","X3406032.png"
"402","5","X3406039.png"
"403","13","X3406046.png"
"404","6","X3406050.png"
"405","3","X3406052.png"
"406","17","X3406053.png"
"407","17","X3406057.png"
"408","14","X3406059.png"
"409","18","X3406060.png"
"410","4","X3406062.png"
"411","3","X3407126.png"
"412","1","X3407140.png"
"413","15","X3407142.png"
"414","1","X3407143.png"
"415","1","X3407146.png"
"416","3","X3407148.png"
"417","4","X3407150.png"
"418","1","X3407151.png"
"419","1","X3407154.png"
"420","3","X3407159.png"
"421","22","X3407204.png"
"422","20","X3407207.png"
"423","15","X3407210.png"
"424","3","X3407221.png"
"425","5","X3407224.png"
"426","7","X3407230.png"
"427","15","X3407233.png"
"428","19","X3407235.png"
"429","1","X3407240.png"
"430","8","X3407241.png"
"431","3","X3407327.png"
"432","6","X3407334.png"
"433","13","X3407338.png"
"434","25","X3407339.png"
"435","16","X3407345.png"
"436","11","X3407347.png"
"437","15","X3407354.png"
"438","1","X3407355.png"
"439","1","X3407357.png"
"440","1","X3407358.png"
"441","10","X3407651.png"
"442","1","X3407660.png"
"443","3","X3407668.png"
"444","13","X3407669.png"
"445","3","X3407671.png"
"446","3","X3407674.png"
"447","1","X3407675.png"
"448","24","X3407677.png"
"449","3","X3407681.png"
"450","24","X3407689.png"
"451","11","X3407902.png"
"452","23","X3407908.png"
"453","1","X3407911.png"
"454","9","X3407915.png"
"455","1","X3407916.png"
"456","21","X3407919.png"
"457","3","X3407922.png"
"458","13","X3407926.png"
"459","3","X3407929.png"
"460","3","X3407935.png"
"461","18","X3408303.png"
"462","3","X3408309.png"
"463","15","X3408320.png"
"464","15","X3408324.png"
"465","4","X3408325.png"
"466","5","X3408328.png"
"467","3","X3408331.png"
"468","6","X3408332.png"
"469","23","X3408337.png"
"470","1","X3408338.png"
"471","5","X3408671.png"
"472","1","X3408672.png"
"473","3","X3408675.png"
"474","1","X3408681.png"
"475","4","X3408683.png"
"476","23","X3408686.png"
"477","5","X3408690.png"
"478","1","X3408694.png"
"479","13","X3408706.png"
"480","3","X3408708.png"
"481","1","X3408711.png"
"482","12","X3408713.png"
"483","1","X3408715.png"
"484","6","X3408719.png"
"485","16","X3408720.png"
"486","3","X3408722.png"
"487","5","X3408736.png"
"488","3","X3408741.png"
"489","9","X3408744.png"
"490","1","X3408747.png"
"491","13","X3409813.png"
"492","25","X3409814.png"
"493","6","X3409821.png"
"494","1","X3409829.png"
"495","13","X3409835.png"
"496","6","X3409837.png"
"497","3","X3409843.png"
"498","8","X3409848.png"
"499","16","X3409850.png"
"500","9","X3409851.png"
"501","22","X3409975.png"
"502","7","X3409976.png"
"503","6","X3409981.png"
"504","1","X3409984.png"
"505","3","X3409986.png"
"506","1","X3409989.png"
"507","20","X3409991.png"
"508","5","X3409992.png"
"509","13","X3409994.png"
"510","14","X3409995.png"
"511","14","X3410142.png"
"512","15","X3410143.png"
"513","1","X3410144.png"
"514","4","X3410145.png"
"515","19","X3410151.png"
"516","15","X3410154.png"
"517","5","X3410159.png"
"518","1","X3410162.png"
"519","3","X3410163.png"
"520","1","X3410168.png"
"521","15","X3410676.png"
"522","8","X3410679.png"
"523","6","X3410686.png"
"524","1","X3410689.png"
"525","1","X3410690.png"
"526","1","X3410695.png"
"527","1","X3410696.png"
"528","12","X3410698.png"
"529","6","X3410701.png"
"530","8","X3410702.png"
"531","25","X3411120.png"
"532","1","X3411126.png"
"533","17","X3411128.png"
"534","17","X3411131.png"
"535","15","X3411139.png"
"536","8","X3411141.png"
"537","11","X3411142.png"
"538","13","X3411144.png"
"539","4","X3411146.png"
"540","1","X3411147.png"
"541","13","X3412155.png"
"542","1","X3412159.png"
"543","4","X3412164.png"
"544","2","X3412166.png"
"545","7","X3412168.png"
"546","3","X3412171.png"
"547","10","X3412172.png"
"548","21","X3412185.png"
"549","9","X3412186.png"
"550","1","X3412187.png"
"551","1","X3412354.png"
"552","1","X3412355.png"
"553","1","X3412359.png"
"554","10","X3412363.png"
"555","1","X3412367.png"
"556","11","X3412373.png"
"557","3","X3412374.png"
"558","1","X3412378.png"
"559","15","X3412385.png"
"560","21","X3412387.png"
"561","20","X3412473.png"
"562","3","X3412474.png"
"563","1","X3412477.png"
"564","7","X3412488.png"
"565","20","X3412491.png"
"566","10","X3412497.png"
"567","1","X3412503.png"
"568","15","X3412507.png"
"569","3","X3412509.png"
"570","1","X3412510.png"
"571","3","X3412885.png"
"572","1","X3412886.png"
"573","3","X3412887.png"
"574","1","X3412894.png"
"575","1","X3412912.png"
"576","4","X3412914.png"
"577","1","X3412917.png"
"578","24","X3412920.png"
"579","9","X3412922.png"
"580","3","X3412924.png"
"581","9","X3413780.png"
"582","15","X3413783.png"
"583","4","X3413785.png"
"584","3","X3413788.png"
"585","8","X3413791.png"
"586","3","X3413802.png"
"587","1","X3413804.png"
"588","4","X3413807.png"
"589","7","X3413812.png"
"590","3","X3413813.png"
"591","7","X3414106.png"
"592","11","X3414110.png"
"593","1","X3414111.png"
"594","4","X3414114.png"
"595","4","X3414119.png"
"596","21","X3414124.png"
"597","9","X3414125.png"
"598","3","X3414126.png"
"599","4","X3414133.png"
"600","3","X3414138.png"
"601","1","X3414410.png"
"602","15","X3414413.png"
"603","1","X3414418.png"
"604","1","X3414419.png"
"605","1","X3414421.png"
"606","1","X3414423.png"
"607","1","X3414426.png"
"608","11","X3414427.png"
"609","1","X3414431.png"
"610","3","X3414444.png"
"611","3","X3414775.png"
"612","15","X3414778.png"
"613","3","X3414780.png"
"614","4","X3414792.png"
"615","3","X3414794.png"
"616","15","X3414796.png"
"617","5","X3414799.png"
"618","1","X3414800.png"
"619","9","X3414808.png"
"620","1","X3414816.png"
"621","15","X3415109.png"
"622","1","X3415114.png"
"623","1","X3415116.png"
"624","3","X3415123.png"
"625","1","X3415125.png"
"626","1","X3415126.png"
"627","20","X3415133.png"
"628","5","X3415139.png"
"629","1","X3415144.png"
"630","1","X3415147.png"
"631","5","X3415237.png"
"632","4","X3415239.png"
"633","1","X3415243.png"
"634","5","X3415244.png"
"635","10","X3415248.png"
"636","15","X3415254.png"
"637","19","X3415260.png"
"638","1","X3415263.png"
"639","4","X3415264.png"
"640","7","X3415267.png"
"641","13","X3416621.png"
"642","9","X3416627.png"
"643","6","X3416629.png"
"644","3","X3416631.png"
"645","1","X3416636.png"
"646","13","X3416642.png"
"647","13","X3416650.png"
"648","13","X3416651.png"
"649","3","X3416654.png"
"650","1","X3416655.png"
"651","1","X3416946.png"
"652","15","X3416948.png"
"653","11","X3416952.png"
"654","15","X3416955.png"
"655","15","X3416959.png"
"656","1","X3416962.png"
"657","1","X3416965.png"
"658","5","X3416969.png"
"659","3","X3416973.png"
"660","1","X3416975.png"
"661","3","X3417775.png"
"662","5","X3417780.png"
"663","19","X3417791.png"
"664","5","X3417792.png"
"665","9","X3417799.png"
"666","22","X3417808.png"
"667","9","X3417809.png"
"668","1","X3417810.png"
"669","10","X3417814.png"
"670","9","X3417815.png"
"671","17","X3418026.png"
"672","13","X3418031.png"
"673","9","X3418040.png"
"674","3","X3418045.png"
"675","25","X3418047.png"
"676","3","X3418052.png"
"677","14","X3418053.png"
"678","6","X3418054.png"
"679","3","X3418056.png"
"680","22","X3418057.png"
"681","21","X3418227.png"
"682","1","X3418235.png"
"683","7","X3418245.png"
"684","8","X3418246.png"
"685","1","X3418247.png"
"686","15","X3418254.png"
"687","11","X3418256.png"
"688","23","X3418258.png"
"689","6","X3418262.png"
"690","13","X3418263.png"
"691","18","X3418270.png"
"692","3","X3418275.png"
"693","6","X3418279.png"
"694","21","X3418280.png"
"695","1","X3418281.png"
"696","3","X3418291.png"
"697","15","X3418293.png"
"698","15","X3418294.png"
"699","13","X3418298.png"
"700","12","X3418302.png"
"701","10","X3421011.png"
"702","4","X3421013.png"
"703","25","X3421018.png"
"704","14","X3421020.png"
"705","22","X3421023.png"
"706","18","X3421032.png"
"707","16","X3421033.png"
"708","17","X3421039.png"
"709","13","X3421040.png"
"710","1","X3421044.png"
"711","1","X3421381.png"
"712","1","X3421382.png"
"713","1","X3421386.png"
"714","1","X3421399.png"
"715","1","X3421405.png"
"716","1","X3421407.png"
"717","1","X3421409.png"
"718","1","X3421410.png"
"719","1","X3421412.png"
"720","1","X3421413.png"
"721","1","X3421940.png"
"722","15","X3421944.png"
"723","8","X3421953.png"
"724","15","X3421961.png"
"725","8","X3421966.png"
"726","4","X3421968.png"
"727","4","X3421973.png"
"728","4","X3421978.png"
"729","1","X3421979.png"
"730","15","X3421981.png"
"731","1","X3422885.png"
"732","11","X3422891.png"
"733","17","X3422892.png"
"734","3","X3422894.png"
"735","6","X3422905.png"
"736","3","X3422906.png"
"737","13","X3422913.png"
"738","5","X3422921.png"
"739","3","X3422923.png"
"740","1","X3422924.png"
"741","3","X3423131.png"
"742","3","X3423134.png"
"743","14","X3423143.png"
"744","22","X3423145.png"
"745","1","X3423154.png"
"746","1","X3423155.png"
"747","19","X3423156.png"
"748","1","X3423157.png"
"749","1","X3423162.png"
"750","8","X3423164.png"
"751","18","X3423255.png"
"752","3","X3423261.png"
"753","1","X3423266.png"
"754","9","X3423267.png"
"755","10","X3423270.png"
"756","1","X3423271.png"
"757","14","X3423274.png"
"758","11","X3423278.png"
"759","1","X3423283.png"
"760","3","X3423287.png"
"761","1","X3425148.png"
"762","1","X3425151.png"
"763","19","X3425152.png"
"764","1","X3425153.png"
"765","1","X3425154.png"
"766","20","X3425155.png"
"767","8","X3425159.png"
"768","3","X3425173.png"
"769","3","X3425174.png"
"770","6","X3425180.png"
"771","9","X3425939.png"
"772","1","X3425945.png"
"773","8","X3425947.png"
"774","10","X3425949.png"
"775","25","X3425953.png"
"776","13","X3425960.png"
"777","8","X3425961.png"
"778","3","X3425970.png"
"779","4","X3425971.png"
"780","18","X3425972.png"
"781","21","X3427328.png"
"782","8","X3427329.png"
"783","1","X3427335.png"
"784","17","X3427338.png"
"785","9","X3427341.png"
"786","3","X3427346.png"
"787","9","X3427352.png"
"788","13","X3427353.png"
"789","21","X3427362.png"
"790","19","X3427366.png"
"791","20","X3429447.png"
"792","3","X3429451.png"
"793","1","X3429453.png"
"794","19","X3429457.png"
"795","16","X3429458.png"
"796","14","X3429461.png"
"797","12","X3429467.png"
"798","11","X3429473.png"
"799","1","X3429481.png"
"800","15","X3429484.png"
"801","9","X3429745.png"
"802","7","X3429750.png"
"803","10","X3429753.png"
"804","15","X3429755.png"
"805","17","X3429759.png"
"806","1","X3429760.png"
"807","6","X3429763.png"
"808","15","X3429768.png"
"809","1","X3429769.png"
"810","4","X3429770.png"
"811","22","X3429870.png"
"812","1","X3429873.png"
"813","1","X3429874.png"
"814","1","X3429878.png"
"815","3","X3429882.png"
"816","4","X3429884.png"
"817","9","X3429887.png"
"818","6","X3429888.png"
"819","20","X3429891.png"
"820","4","X3429895.png"
"821","10","X3430442.png"
"822","17","X3430443.png"
"823","1","X3430445.png"
"824","20","X3430451.png"
"825","3","X3430455.png"
"826","1","X3430456.png"
"827","2","X3430457.png"
"828","5","X3430468.png"
"829","1","X3430476.png"
"830","3","X3430477.png"
"831","15","X3432252.png"
"832","1","X3432253.png"
"833","8","X3432259.png"
"834","21","X3432264.png"
"835","13","X3432268.png"
"836","22","X3432269.png"
"837","4","X3432273.png"
"838","4","X3432274.png"
"839","1","X3432281.png"
"840","19","X3432286.png"
"841","22","X3434120.png"
"842","24","X3434122.png"
"843","10","X3434131.png"
"844","1","X3434135.png"
"845","15","X3434144.png"
"846","13","X3434145.png"
"847","1","X3434147.png"
"848","3","X3434152.png"
"849","3","X3434153.png"
"850","16","X3434157.png"
"851","15","X3435393.png"
"852","1","X3435394.png"
"853","1","X3435398.png"
"854","22","X3435400.png"
"855","5","X3435401.png"
"856","5","X3435406.png"
"857","15","X3435411.png"
"858","20","X3435417.png"
"859","13","X3435424.png"
"860","13","X3435432.png"
"861","3","X3435478.png"
"862","13","X3435484.png"
"863","1","X3435486.png"
"864","1","X3435488.png"
"865","1","X3435490.png"
"866","1","X3435492.png"
"867","6","X3435495.png"
"868","1","X3435502.png"
"869","15","X3435506.png"
"870","3","X3435510.png"
"871","15","X3435843.png"
"872","1","X3435850.png"
"873","11","X3435852.png"
"874","5","X3435853.png"
"875","21","X3435856.png"
"876","24","X3435859.png"
"877","14","X3435864.png"
"878","3","X3435872.png"
"879","4","X3435873.png"
"880","4","X3435875.png"
"881","1","X3437269.png"
"882","1","X3437270.png"
"883","1","X3437282.png"
"884","11","X3437284.png"
"885","3","X3437290.png"
"886","13","X3437292.png"
"887","13","X3437293.png"
"888","1","X3437294.png"
"889","3","X3437295.png"
"890","5","X3437299.png"
"891","16","X3438712.png"
"892","15","X3438720.png"
"893","15","X3438724.png"
"894","1","X3438725.png"
"895","19","X3438729.png"
"896","20","X3438731.png"
"897","2","X3438732.png"
"898","15","X3438734.png"
"899","1","X3438740.png"
"900","2","X3438746.png"
"901","1","X3441149.png"
"902","9","X3441154.png"
"903","1","X3441155.png"
"904","15","X3441157.png"
"905","9","X3441158.png"
"906","1","X3441159.png"
"907","1","X3441160.png"
"908","1","X3441165.png"
"909","1","X3441174.png"
"910","1","X3441178.png"
"911","3","X3441999.png"
"912","13","X3442004.png"
"913","10","X3442009.png"
"914","15","X3442013.png"
"915","20","X3442015.png"
"916","18","X3442017.png"
"917","6","X3442020.png"
"918","1","X3442033.png"
"919","4","X3442035.png"
"920","15","X3442037.png"
"921","1","X3443746.png"
"922","3","X3443747.png"
"923","17","X3443755.png"
"924","17","X3443760.png"
"925","3","X3443764.png"
"926","3","X3443767.png"
"927","6","X3443771.png"
"928","14","X3443777.png"
"929","17","X3443782.png"
"930","9","X3443785.png"
"931","3","X3444360.png"
"932","3","X3444361.png"
"933","6","X3444362.png"
"934","1","X3444363.png"
"935","25","X3444369.png"
"936","3","X3444373.png"
"937","1","X3444384.png"
"938","3","X3444386.png"
"939","1","X3444390.png"
"940","7","X3444397.png"
"941","1","X3444522.png"
"942","4","X3444532.png"
"943","6","X3444534.png"
"944","12","X3444535.png"
"945","1","X3444536.png"
"946","9","X3444546.png"
"947","9","X3444549.png"
"948","11","X3444557.png"
"949","6","X3444559.png"
"950","1","X3444560.png"
"951","6","X3444989.png"
"952","1","X3444991.png"
"953","1","X3444993.png"
"954","3","X3445001.png"
"955","22","X3445002.png"
"956","7","X3445003.png"
"957","10","X3445004.png"
"958","15","X3445016.png"
"959","2","X3445019.png"
"960","3","X3445022.png"
"961","1","X3445720.png"
"962","9","X3445722.png"
"963","20","X3445725.png"
"964","3","X3445730.png"
"965","12","X3445735.png"
"966","1","X3445742.png"
"967","1","X3445743.png"
"968","19","X3445751.png"
"969","21","X3445752.png"
"970","1","X3445753.png"
"971","15","X3446451.png"
"972","22","X3446464.png"
"973","15","X3446471.png"
"974","20","X3446473.png"
"975","3","X3446475.png"
"976","1","X3446477.png"
"977","3","X3446487.png"
"978","3","X3446489.png"
"979","1","X3446490.png"
"980","1","X3446493.png"
"981","3","X3447346.png"
"982","4","X3447347.png"
"983","3","X3447352.png"
"984","7","X3447353.png"
"985","4","X3447355.png"
"986","2","X3447359.png"
"987","12","X3447361.png"
"988","13","X3447366.png"
"989","1","X3447372.png"
"990","15","X3447375.png"
"991","3","X3447946.png"
"992","18","X3447948.png"
"993","1","X3447949.png"
"994","3","X3447955.png"
"995","3","X3447959.png"
"996","15","X3447962.png"
"997","3","X3447967.png"
"998","3","X3447971.png"
"999","6","X3447979.png"
"1000","8","X3447984.png"
"1001","3","X3448849.png"
"1002","7","X3448857.png"
"1003","5","X3448861.png"
"1004","5","X3448862.png"
"1005","3","X3448863.png"
"1006","8","X3448867.png"
"1007","1","X3448874.png"
"1008","1","X3448884.png"
"1009","23","X3448887.png"
"1010","9","X3448888.png"
"1011","12","X3449097.png"
"1012","18","X3449098.png"
"1013","4","X3449109.png"
"1014","13","X3449110.png"
"1015","19","X3449112.png"
"1016","1","X3449117.png"
"1017","14","X3449119.png"
"1018","6","X3449121.png"
"1019","17","X3449122.png"
"1020","3","X3449129.png"
"1021","3","X3449718.png"
"1022","5","X3449720.png"
"1023","1","X3449727.png"
"1024","1","X3449735.png"
"1025","3","X3449737.png"
"1026","1","X3449738.png"
"1027","7","X3449739.png"
"1028","3","X3449740.png"
"1029","9","X3449744.png"
"1030","1","X3449753.png"
"1031","22","X3453021.png"
"1032","22","X3453022.png"
"1033","21","X3453024.png"
"1034","6","X3453032.png"
"1035","4","X3453034.png"
"1036","13","X3453035.png"
"1037","8","X3453039.png"
"1038","1","X3453043.png"
"1039","15","X3453046.png"
"1040","4","X3453047.png"
"1041","7","X3453504.png"
"1042","3","X3453507.png"
"1043","17","X3453511.png"
"1044","18","X3453515.png"
"1045","7","X3453517.png"
"1046","11","X3453520.png"
"1047","14","X3453521.png"
"1048","4","X3453530.png"
"1049","25","X3453535.png"
"1050","15","X3453536.png"
"1051","17","X3453994.png"
"1052","3","X3453995.png"
"1053","1","X3453997.png"
"1054","13","X3453999.png"
"1055","3","X3454005.png"
"1056","3","X3454008.png"
"1057","1","X3454009.png"
"1058","3","X3454013.png"
"1059","1","X3454014.png"
"1060","8","X3454026.png"
"1061","3","X3454714.png"
"1062","5","X3454720.png"
"1063","1","X3454721.png"
"1064","3","X3454723.png"
"1065","8","X3454729.png"
"1066","1","X3454736.png"
"1067","22","X3454740.png"
"1068","15","X3454741.png"
"1069","1","X3454742.png"
"1070","4","X3454748.png"
"1071","3","X3454798.png"
"1072","6","X3454799.png"
"1073","3","X3454800.png"
"1074","5","X3454801.png"
"1075","10","X3454803.png"
"1076","3","X3454810.png"
"1077","15","X3454816.png"
"1078","5","X3454817.png"
"1079","20","X3454820.png"
"1080","4","X3454831.png"
"1081","18","X3454885.png"
"1082","19","X3454887.png"
"1083","19","X3454888.png"
"1084","1","X3454893.png"
"1085","3","X3454894.png"
"1086","5","X3454904.png"
"1087","1","X3454907.png"
"1088","8","X3454910.png"
"1089","8","X3454911.png"
"1090","9","X3454912.png"
"1091","7","X3456213.png"
"1092","3","X3456217.png"
"1093","19","X3456220.png"
"1094","25","X3456224.png"
"1095","2","X3456226.png"
"1096","1","X3456230.png"
"1097","15","X3456231.png"
"1098","1","X3456237.png"
"1099","9","X3456243.png"
"1100","17","X3456249.png"
"1101","8","X3456541.png"
"1102","15","X3456542.png"
"1103","3","X3456544.png"
"1104","3","X3456547.png"
"1105","3","X3456553.png"
"1106","15","X3456556.png"
"1107","4","X3456558.png"
"1108","1","X3456565.png"
"1109","1","X3456568.png"
"1110","20","X3456570.png"
"1111","3","X3457668.png"
"1112","15","X3457672.png"
"1113","3","X3457674.png"
"1114","5","X3457679.png"
"1115","3","X3457689.png"
"1116","13","X3457692.png"
"1117","3","X3457694.png"
"1118","3","X3457699.png"
"1119","1","X3457702.png"
"1120","8","X3457703.png"
"1121","13","X3459408.png"
"1122","1","X3459409.png"
"1123","1","X3459411.png"
"1124","5","X3459413.png"
"1125","5","X3459414.png"
"1126","1","X3459418.png"
"1127","14","X3459430.png"
"1128","7","X3459432.png"
"1129","7","X3459438.png"
"1130","6","X3459439.png"
"1131","1","X3461487.png"
"1132","3","X3461488.png"
"1133","1","X3461491.png"
"1134","8","X3461496.png"
"1135","1","X3461500.png"
"1136","5","X3461501.png"
"1137","1","X3461509.png"
"1138","1","X3461511.png"
"1139","1","X3461519.png"
"1140","15","X3461523.png"
"1141","10","X3461530.png"
"1142","13","X3461533.png"
"1143","4","X3461538.png"
"1144","4","X3461540.png"
"1145","1","X3461543.png"
"1146","24","X3461548.png"
"1147","8","X3461552.png"
"1148","23","X3461555.png"
"1149","4","X3461560.png"
"1150","5","X3461564.png"
"1151","2","X3463483.png"
"1152","5","X3463489.png"
"1153","2","X3463492.png"
"1154","3","X3463496.png"
"1155","1","X3463498.png"
"1156","5","X3463505.png"
"1157","4","X3463506.png"
"1158","3","X3463511.png"
"1159","3","X3463512.png"
"1160","9","X3463517.png"
"1161","1","X3463688.png"
"1162","5","X3463690.png"
"1163","22","X3463692.png"
"1164","3","X3463697.png"
"1165","3","X3463701.png"
"1166","1","X3463707.png"
"1167","1","X3463709.png"
"1168","11","X3463715.png"
"1169","3","X3463721.png"
"1170","3","X3463722.png"
"1171","21","X3464298.png"
"1172","3","X3464301.png"
"1173","3","X3464307.png"
"1174","4","X3464311.png"
"1175","5","X3464316.png"
"1176","10","X3464320.png"
"1177","6","X3464324.png"
"1178","4","X3464331.png"
"1179","3","X3464333.png"
"1180","6","X3464334.png"
"1181","3","X3464825.png"
"1182","3","X3464828.png"
"1183","4","X3464831.png"
"1184","1","X3464836.png"
"1185","22","X3464838.png"
"1186","8","X3464843.png"
"1187","2","X3464850.png"
"1188","25","X3464856.png"
"1189","3","X3464860.png"
"1190","14","X3464861.png"
"1191","20","X3467179.png"
"1192","1","X3467180.png"
"1193","1","X3467184.png"
"1194","1","X3467185.png"
"1195","11","X3467189.png"
"1196","20","X3467192.png"
"1197","1","X3467194.png"
"1198","13","X3467196.png"
"1199","1","X3467204.png"
"1200","21","X3467205.png"
"1201","3","X3467224.png"
"1202","11","X3467226.png"
"1203","10","X3467230.png"
"1204","8","X3467232.png"
"1205","1","X3467233.png"
"1206","3","X3467237.png"
"1207","13","X3467239.png"
"1208","3","X3467244.png"
"1209","3","X3467248.png"
"1210","4","X3467252.png"
"1211","5","X3468232.png"
"1212","10","X3468234.png"
"1213","3","X3468235.png"
"1214","15","X3468237.png"
"1215","8","X3468238.png"
"1216","3","X3468240.png"
"1217","3","X3468250.png"
"1218","1","X3468255.png"
"1219","7","X3468256.png"
"1220","1","X3468259.png"
"1221","1","X3468598.png"
"1222","1","X3468599.png"
"1223","1","X3468605.png"
"1224","1","X3468606.png"
"1225","1","X3468608.png"
"1226","1","X3468614.png"
"1227","1","X3468617.png"
"1228","1","X3468618.png"
"1229","19","X3468623.png"
"1230","3","X3468634.png"
"1231","3","X3468919.png"
"1232","11","X3468921.png"
"1233","1","X3468925.png"
"1234","1","X3468932.png"
"1235","9","X3468933.png"
"1236","1","X3468937.png"
"1237","4","X3468939.png"
"1238","19","X3468941.png"
"1239","14","X3468946.png"
"1240","8","X3468954.png"
"1241","7","X3469820.png"
"1242","1","X3469821.png"
"1243","7","X3469822.png"
"1244","1","X3469825.png"
"1245","1","X3469827.png"
"1246","1","X3469828.png"
"1247","10","X3469829.png"
"1248","1","X3469836.png"
"1249","1","X3469847.png"
"1250","18","X3469850.png"
"1251","4","X3471483.png"
"1252","1","X3471486.png"
"1253","3","X3471487.png"
"1254","21","X3471491.png"
"1255","5","X3471497.png"
"1256","18","X3471498.png"
"1257","1","X3471499.png"
"1258","1","X3471500.png"
"1259","5","X3471501.png"
"1260","13","X3471512.png"
"1261","20","X3471525.png"
"1262","3","X3471526.png"
"1263","3","X3471530.png"
"1264","3","X3471531.png"
"1265","1","X3471535.png"
"1266","20","X3471543.png"
"1267","5","X3471550.png"
"1268","1","X3471551.png"
"1269","1","X3471552.png"
"1270","5","X3471559.png"
"1271","10","X3473431.png"
"1272","11","X3473437.png"
"1273","18","X3473438.png"
"1274","15","X3473445.png"
"1275","4","X3473446.png"
"1276","3","X3473452.png"
"1277","22","X3473453.png"
"1278","8","X3473457.png"
"1279","5","X3473461.png"
"1280","10","X3473462.png"
"1281","11","X3474556.png"
"1282","19","X3474559.png"
"1283","1","X3474560.png"
"1284","3","X3474562.png"
"1285","1","X3474564.png"
"1286","17","X3474565.png"
"1287","1","X3474568.png"
"1288","13","X3474584.png"
"1289","4","X3474587.png"
"1290","4","X3474590.png"
"1291","8","X3476619.png"
"1292","11","X3476624.png"
"1293","22","X3476626.png"
"1294","7","X3476630.png"
"1295","3","X3476637.png"
"1296","16","X3476638.png"
"1297","8","X3476639.png"
"1298","10","X3476645.png"
"1299","13","X3476648.png"
"1300","3","X3476651.png"
"1301","6","X3476979.png"
"1302","3","X3476980.png"
"1303","5","X3476984.png"
"1304","15","X3476988.png"
"1305","13","X3476993.png"
"1306","3","X3477000.png"
"1307","19","X3477002.png"
"1308","1","X3477005.png"
"1309","1","X3477012.png"
"1310","3","X3477014.png"
"1311","1","X3477258.png"
"1312","5","X3477262.png"
"1313","23","X3477267.png"
"1314","15","X3477273.png"
"1315","1","X3477282.png"
"1316","4","X3477283.png"
"1317","3","X3477286.png"
"1318","3","X3477289.png"
"1319","3","X3477290.png"
"1320","15","X3477294.png"
"1321","4","X3479705.png"
"1322","1","X3479706.png"
"1323","23","X3479707.png"
"1324","2","X3479711.png"
"1325","1","X3479723.png"
"1326","1","X3479724.png"
"1327","13","X3479725.png"
"1328","3","X3479728.png"
"1329","15","X3479737.png"
"1330","5","X3479742.png"
"1331","24","X3481560.png"
"1332","15","X3481561.png"
"1333","22","X3481562.png"
"1334","18","X3481563.png"
"1335","5","X3481570.png"
"1336","1","X3481577.png"
"1337","1","X3481580.png"
"1338","3","X3481581.png"
"1339","3","X3481588.png"
"1340","1","X3481595.png"
"1341","3","X3482167.png"
"1342","1","X3482172.png"
"1343","15","X3482176.png"
"1344","13","X3482177.png"
"1345","13","X3482183.png"
"1346","11","X3482193.png"
"1347","4","X3482195.png"
"1348","17","X3482201.png"
"1349","18","X3482202.png"
"1350","1","X3482204.png"
"1351","5","X3482731.png"
"1352","20","X3482735.png"
"1353","3","X3482740.png"
"1354","1","X3482741.png"
"1355","16","X3482743.png"
"1356","10","X3482756.png"
"1357","3","X3482757.png"
"1358","8","X3482759.png"
"1359","18","X3482765.png"
"1360","21","X3482767.png"
"1361","10","X3484599.png"
"1362","10","X3484600.png"
"1363","4","X3484605.png"
"1364","10","X3484615.png"
"1365","19","X3484620.png"
"1366","3","X3484623.png"
"1367","10","X3484625.png"
"1368","21","X3484627.png"
"1369","18","X3484630.png"
"1370","19","X3484632.png"
"1371","1","X3484874.png"
"1372","2","X3484881.png"
"1373","4","X3484882.png"
"1374","15","X3484892.png"
"1375","3","X3484893.png"
"1376","1","X3484895.png"
"1377","3","X3484898.png"
"1378","1","X3484899.png"
"1379","1","X3484907.png"
"1380","8","X3484911.png"
"1381","25","X3487003.png"
"1382","15","X3487004.png"
"1383","4","X3487008.png"
"1384","13","X3487013.png"
"1385","1","X3487017.png"
"1386","1","X3487018.png"
"1387","1","X3487020.png"
"1388","13","X3487021.png"
"1389","19","X3487023.png"
"1390","1","X3487024.png"
"1391","11","X3487853.png"
"1392","8","X3487856.png"
"1393","1","X3487857.png"
"1394","14","X3487858.png"
"1395","1","X3487863.png"
"1396","1","X3487865.png"
"1397","3","X3487868.png"
"1398","10","X3487870.png"
"1399","21","X3487875.png"
"1400","3","X3487888.png"
"1401","1","X3487936.png"
"1402","9","X3487939.png"
"1403","16","X3487944.png"
"1404","21","X3487947.png"
"1405","17","X3487948.png"
"1406","3","X3487950.png"
"1407","1","X3487954.png"
"1408","5","X3487957.png"
"1409","4","X3487958.png"
"1410","1","X3487965.png"
"1411","10","X3488176.png"
"1412","1","X3488177.png"
"1413","1","X3488181.png"
"1414","1","X3488184.png"
"1415","3","X3488189.png"
"1416","1","X3488194.png"
"1417","1","X3488197.png"
"1418","15","X3488201.png"
"1419","5","X3488202.png"
"1420","5","X3488205.png"
"1421","9","X3488224.png"
"1422","1","X3488226.png"
"1423","10","X3488227.png"
"1424","3","X3488229.png"
"1425","20","X3488230.png"
"1426","10","X3488233.png"
"1427","22","X3488236.png"
"1428","13","X3488238.png"
"1429","6","X3488241.png"
"1430","20","X3488252.png"
"1431","4","X3490591.png"
"1432","1","X3490593.png"
"1433","5","X3490601.png"
"1434","3","X3490603.png"
"1435","7","X3490605.png"
"1436","20","X3490610.png"
"1437","6","X3490613.png"
"1438","1","X3490616.png"
"1439","8","X3490617.png"
"1440","1","X3490618.png"
"1441","5","X3494034.png"
"1442","22","X3494037.png"
"1443","15","X3494040.png"
"1444","7","X3494044.png"
"1445","1","X3494045.png"
"1446","1","X3494051.png"
"1447","1","X3494056.png"
"1448","21","X3494061.png"
"1449","19","X3494063.png"
"1450","5","X3494068.png"
"1451","25","X3494075.png"
"1452","7","X3494076.png"
"1453","20","X3494081.png"
"1454","5","X3494082.png"
"1455","4","X3494091.png"
"1456","3","X3494098.png"
"1457","7","X3494100.png"
"1458","9","X3494104.png"
"1459","20","X3494107.png"
"1460","4","X3494110.png"
"1461","14","X3494771.png"
"1462","1","X3494779.png"
"1463","1","X3494781.png"
"1464","3","X3494782.png"
"1465","1","X3494787.png"
"1466","2","X3494792.png"
"1467","1","X3494794.png"
"1468","3","X3494797.png"
"1469","3","X3494801.png"
"1470","11","X3494804.png"
"1471","23","X3495353.png"
"1472","1","X3495359.png"
"1473","10","X3495368.png"
"1474","8","X3495373.png"
"1475","3","X3495374.png"
"1476","7","X3495376.png"
"1477","10","X3495379.png"
"1478","1","X3495381.png"
"1479","1","X3495382.png"
"1480","1","X3495390.png"
"1481","5","X3495691.png"
"1482","1","X3495694.png"
"1483","6","X3495696.png"
"1484","9","X3495699.png"
"1485","24","X3495700.png"
"1486","12","X3495708.png"
"1487","15","X3495709.png"
"1488","1","X3495719.png"
"1489","8","X3495725.png"
"1490","3","X3495727.png"
"1491","2","X3496193.png"
"1492","4","X3496197.png"
"1493","3","X3496200.png"
"1494","3","X3496208.png"
"1495","20","X3496212.png"
"1496","22","X3496215.png"
"1497","13","X3496217.png"
"1498","1","X3496223.png"
"1499","16","X3496226.png"
"1500","1","X3496227.png"
"1501","13","X3497169.png"
"1502","17","X3497170.png"
"1503","1","X3497178.png"
"1504","4","X3497180.png"
"1505","8","X3497182.png"
"1506","5","X3497190.png"
"1507","1","X3497192.png"
"1508","7","X3497197.png"
"1509","9","X3497200.png"
"1510","17","X3497204.png"
"1511","1","X3497492.png"
"1512","15","X3497493.png"
"1513","1","X3497494.png"
"1514","3","X3497495.png"
"1515","13","X3497496.png"
"1516","19","X3497502.png"
"1517","1","X3497504.png"
"1518","13","X3497509.png"
"1519","15","X3497517.png"
"1520","15","X3497518.png"
"1521","3","X3497573.png"
"1522","10","X3497574.png"
"1523","5","X3497580.png"
"1524","21","X3497583.png"
"1525","3","X3497587.png"
"1526","5","X3497592.png"
"1527","3","X3497597.png"
"1528","6","X3497599.png"
"1529","3","X3497608.png"
"1530","4","X3497610.png"
"1531","15","X3499596.png"
"1532","21","X3499600.png"
"1533","23","X3499604.png"
"1534","20","X3499606.png"
"1535","17","X3499611.png"
"1536","1","X3499614.png"
"1537","13","X3499621.png"
"1538","6","X3499623.png"
"1539","3","X3499625.png"
"1540","13","X3499634.png"
"1541","3","X3499798.png"
"1542","15","X3499801.png"
"1543","13","X3499816.png"
"1544","12","X3499819.png"
"1545","14","X3499820.png"
"1546","3","X3499826.png"
"1547","15","X3499831.png"
"1548","4","X3499832.png"
"1549","2","X3499833.png"
"1550","15","X3499834.png"
"1551","1","X3500003.png"
"1552","1","X3500005.png"
"1553","5","X3500010.png"
"1554","1","X3500012.png"
"1555","13","X3500013.png"
"1556","24","X3500018.png"
"1557","18","X3500024.png"
"1558","8","X3500027.png"
"1559","1","X3500029.png"
"1560","9","X3500033.png"
"1561","5","X3500648.png"
"1562","9","X3500649.png"
"1563","15","X3500653.png"
"1564","3","X3500659.png"
"1565","15","X3500663.png"
"1566","14","X3500669.png"
"1567","3","X3500670.png"
"1568","1","X3500674.png"
"1569","20","X3500678.png"
"1570","1","X3500682.png"
"1571","3","X3501135.png"
"1572","3","X3501137.png"
"1573","8","X3501144.png"
"1574","1","X3501145.png"
"1575","3","X3501152.png"
"1576","3","X3501155.png"
"1577","15","X3501157.png"
"1578","18","X3501164.png"
"1579","2","X3501171.png"
"1580","16","X3501172.png"
"1581","6","X3501342.png"
"1582","24","X3501349.png"
"1583","1","X3501358.png"
"1584","1","X3501363.png"
"1585","14","X3501367.png"
"1586","2","X3501371.png"
"1587","15","X3501373.png"
"1588","5","X3501377.png"
"1589","3","X3501379.png"
"1590","1","X3501380.png"
"1591","25","X3501827.png"
"1592","4","X3501829.png"
"1593","13","X3501833.png"
"1594","13","X3501839.png"
"1595","1","X3501845.png"
"1596","3","X3501848.png"
"1597","1","X3501850.png"
"1598","1","X3501852.png"
"1599","15","X3501857.png"
"1600","25","X3501859.png"
"1601","1","X3502033.png"
"1602","3","X3502039.png"
"1603","13","X3502044.png"
"1604","1","X3502052.png"
"1605","14","X3502053.png"
"1606","10","X3502057.png"
"1607","1","X3502060.png"
"1608","18","X3502061.png"
"1609","1","X3502064.png"
"1610","1","X3502065.png"
"1611","1","X3502072.png"
"1612","3","X3502076.png"
"1613","14","X3502079.png"
"1614","15","X3502081.png"
"1615","5","X3502084.png"
"1616","1","X3502085.png"
"1617","10","X3502088.png"
"1618","3","X3502091.png"
"1619","4","X3502098.png"
"1620","14","X3502102.png"
"1621","4","X3502358.png"
"1622","15","X3502359.png"
"1623","3","X3502362.png"
"1624","4","X3502367.png"
"1625","1","X3502368.png"
"1626","9","X3502369.png"
"1627","6","X3502378.png"
"1628","15","X3502382.png"
"1629","24","X3502384.png"
"1630","23","X3502388.png"
"1631","1","X3502475.png"
"1632","1","X3502479.png"
"1633","1","X3502485.png"
"1634","3","X3502490.png"
"1635","3","X3502491.png"
"1636","1","X3502497.png"
"1637","7","X3502500.png"
"1638","3","X3502501.png"
"1639","16","X3502509.png"
"1640","3","X3502510.png"
"1641","3","X3504056.png"
"1642","11","X3504067.png"
"1643","1","X3504068.png"
"1644","4","X3504074.png"
"1645","11","X3504077.png"
"1646","1","X3504079.png"
"1647","5","X3504081.png"
"1648","2","X3504085.png"
"1649","1","X3504089.png"
"1650","3","X3504090.png"
"1651","22","X3504416.png"
"1652","3","X3504419.png"
"1653","1","X3504420.png"
"1654","13","X3504423.png"
"1655","19","X3504434.png"
"1656","15","X3504441.png"
"1657","13","X3504442.png"
"1658","7","X3504444.png"
"1659","6","X3504447.png"
"1660","9","X3504452.png"
"1661","20","X3505520.png"
"1662","3","X3505526.png"
"1663","11","X3505528.png"
"1664","10","X3505536.png"
"1665","3","X3505538.png"
"1666","13","X3505539.png"
"1667","9","X3505549.png"
"1668","12","X3505550.png"
"1669","12","X3505553.png"
"1670","2","X3505555.png"
"1671","3","X3506703.png"
"1672","15","X3506706.png"
"1673","1","X3506720.png"
"1674","4","X3506721.png"
"1675","1","X3506723.png"
"1676","3","X3506726.png"
"1677","14","X3506732.png"
"1678","3","X3506733.png"
"1679","1","X3506735.png"
"1680","4","X3506737.png"
"1681","15","X3507150.png"
"1682","1","X3507161.png"
"1683","20","X3507164.png"
"1684","3","X3507167.png"
"1685","7","X3507172.png"
"1686","7","X3507173.png"
"1687","1","X3507175.png"
"1688","15","X3507176.png"
"1689","20","X3507178.png"
"1690","3","X3507180.png"
"1691","1","X3507513.png"
"1692","4","X3507516.png"
"1693","2","X3507523.png"
"1694","6","X3507524.png"
"1695","3","X3507525.png"
"1696","7","X3507526.png"
"1697","13","X3507535.png"
"1698","1","X3507537.png"
"1699","3","X3507541.png"
"1700","3","X3507542.png"
"1701","13","X3507794.png"
"1702","1","X3507795.png"
"1703","13","X3507796.png"
"1704","23","X3507797.png"
"1705","13","X3507804.png"
"1706","1","X3507807.png"
"1707","1","X3507814.png"
"1708","2","X3507815.png"
"1709","3","X3507822.png"
"1710","21","X3507825.png"
"1711","24","X3508485.png"
"1712","1","X3508496.png"
"1713","1","X3508504.png"
"1714","1","X3508505.png"
"1715","1","X3508507.png"
"1716","6","X3508510.png"
"1717","3","X3508512.png"
"1718","1","X3508513.png"
"1719","8","X3508515.png"
"1720","21","X3508519.png"
"1721","11","X3508728.png"
"1722","20","X3508742.png"
"1723","15","X3508748.png"
"1724","1","X3508750.png"
"1725","23","X3508751.png"
"1726","1","X3508753.png"
"1727","11","X3508755.png"
"1728","18","X3508756.png"
"1729","8","X3508759.png"
"1730","24","X3508765.png"
"1731","5","X3508772.png"
"1732","15","X3508777.png"
"1733","5","X3508778.png"
"1734","20","X3508780.png"
"1735","15","X3508785.png"
"1736","3","X3508791.png"
"1737","13","X3508794.png"
"1738","4","X3508795.png"
"1739","14","X3508805.png"
"1740","10","X3508806.png"
"1741","1","X3509182.png"
"1742","5","X3509185.png"
"1743","1","X3509186.png"
"1744","1","X3509191.png"
"1745","7","X3509195.png"
"1746","21","X3509196.png"
"1747","1","X3509197.png"
"1748","11","X3509203.png"
"1749","22","X3509211.png"
"1750","1","X3509213.png"
"1751","1","X3509300.png"
"1752","21","X3509303.png"
"1753","3","X3509305.png"
"1754","1","X3509308.png"
"1755","3","X3509311.png"
"1756","6","X3509315.png"
"1757","13","X3509320.png"
"1758","11","X3509322.png"
"1759","3","X3509337.png"
"1760","15","X3509338.png"
"1761","4","X3509626.png"
"1762","3","X3509630.png"
"1763","15","X3509633.png"
"1764","13","X3509636.png"
"1765","4","X3509640.png"
"1766","3","X3509643.png"
"1767","11","X3509652.png"
"1768","3","X3509656.png"
"1769","14","X3509657.png"
"1770","3","X3509660.png"
"1771","10","X3509666.png"
"1772","16","X3509670.png"
"1773","1","X3509673.png"
"1774","18","X3509677.png"
"1775","16","X3509678.png"
"1776","20","X3509691.png"
"1777","5","X3509694.png"
"1778","7","X3509696.png"
"1779","9","X3509697.png"
"1780","18","X3509702.png"
"1781","1","X3509746.png"
"1782","4","X3509747.png"
"1783","6","X3509749.png"
"1784","8","X3509755.png"
"1785","18","X3509756.png"
"1786","17","X3509759.png"
"1787","18","X3509762.png"
"1788","3","X3509764.png"
"1789","18","X3509766.png"
"1790","5","X3509777.png"
"1791","1","X3511087.png"
"1792","18","X3511089.png"
"1793","20","X3511098.png"
"1794","5","X3511100.png"
"1795","17","X3511102.png"
"1796","1","X3511111.png"
"1797","1","X3511112.png"
"1798","7","X3511113.png"
"1799","1","X3511114.png"
"1800","7","X3511119.png"
"1801","15","X3511449.png"
"1802","25","X3511452.png"
"1803","1","X3511453.png"
"1804","1","X3511454.png"
"1805","7","X3511457.png"
"1806","1","X3511461.png"
"1807","16","X3511469.png"
"1808","6","X3511471.png"
"1809","9","X3511476.png"
"1810","13","X3511485.png"
"1811","19","X3511651.png"
"1812","12","X3511670.png"
"1813","1","X3511671.png"
"1814","4","X3511672.png"
"1815","22","X3511673.png"
"1816","10","X3511683.png"
"1817","10","X3511684.png"
"1818","3","X3511685.png"
"1819","6","X3511688.png"
"1820","5","X3511690.png"
"1821","13","X3511979.png"
"1822","11","X3511987.png"
"1823","1","X3511990.png"
"1824","15","X3511991.png"
"1825","21","X3512004.png"
"1826","1","X3512010.png"
"1827","5","X3512011.png"
"1828","3","X3512013.png"
"1829","7","X3512014.png"
"1830","25","X3512017.png"
"1831","1","X3512188.png"
"1832","3","X3512191.png"
"1833","4","X3512195.png"
"1834","15","X3512202.png"
"1835","1","X3512203.png"
"1836","3","X3512209.png"
"1837","10","X3512211.png"
"1838","24","X3512214.png"
"1839","4","X3512219.png"
"1840","1","X3512224.png"
"1841","14","X3512839.png"
"1842","1","X3512840.png"
"1843","1","X3512843.png"
"1844","7","X3512845.png"
"1845","9","X3512854.png"
"1846","3","X3512856.png"
"1847","5","X3512857.png"
"1848","5","X3512858.png"
"1849","1","X3512860.png"
"1850","1","X3512876.png"
"1851","19","X3513003.png"
"1852","11","X3513007.png"
"1853","3","X3513013.png"
"1854","1","X3513023.png"
"1855","24","X3513025.png"
"1856","1","X3513028.png"
"1857","9","X3513034.png"
"1858","1","X3513035.png"
"1859","11","X3513038.png"
"1860","19","X3513040.png"
"1861","15","X3513813.png"
"1862","11","X3513816.png"
"1863","1","X3513818.png"
"1864","11","X3513819.png"
"1865","15","X3513821.png"
"1866","1","X3513824.png"
"1867","11","X3513829.png"
"1868","9","X3513830.png"
"1869","6","X3513836.png"
"1870","1","X3513839.png"
"1871","1","X3514301.png"
"1872","1","X3514304.png"
"1873","15","X3514308.png"
"1874","7","X3514312.png"
"1875","19","X3514322.png"
"1876","1","X3514324.png"
"1877","3","X3514330.png"
"1878","14","X3514331.png"
"1879","15","X3514332.png"
"1880","1","X3514335.png"
"1881","1","X3515076.png"
"1882","13","X3515082.png"
"1883","2","X3515084.png"
"1884","13","X3515085.png"
"1885","4","X3515088.png"
"1886","2","X3515089.png"
"1887","2","X3515091.png"
"1888","23","X3515095.png"
"1889","10","X3515098.png"
"1890","5","X3515100.png"
"1891","15","X3515310.png"
"1892","14","X3515311.png"
"1893","4","X3515316.png"
"1894","4","X3515320.png"
"1895","13","X3515329.png"
"1896","1","X3515330.png"
"1897","1","X3515331.png"
"1898","1","X3515336.png"
"1899","21","X3515340.png"
"1900","3","X3515343.png"
"1901","1","X3515953.png"
"1902","1","X3515954.png"
"1903","12","X3515960.png"
"1904","5","X3515961.png"
"1905","3","X3515966.png"
"1906","14","X3515969.png"
"1907","13","X3515972.png"
"1908","1","X3515979.png"
"1909","1","X3515980.png"
"1910","5","X3515990.png"
"1911","20","X3516684.png"
"1912","3","X3516689.png"
"1913","11","X3516694.png"
"1914","1","X3516704.png"
"1915","15","X3516710.png"
"1916","25","X3516713.png"
"1917","15","X3516715.png"
"1918","7","X3516717.png"
"1919","3","X3516718.png"
"1920","11","X3516721.png"
"1921","25","X3516968.png"
"1922","5","X3516969.png"
"1923","15","X3516972.png"
"1924","8","X3516976.png"
"1925","5","X3516979.png"
"1926","15","X3516984.png"
"1927","5","X3516989.png"
"1928","4","X3516993.png"
"1929","21","X3516995.png"
"1930","16","X3517000.png"
"1931","6","X3517609.png"
"1932","5","X3517616.png"
"1933","1","X3517617.png"
"1934","1","X3517618.png"
"1935","4","X3517620.png"
"1936","3","X3517623.png"
"1937","7","X3517624.png"
"1938","1","X3517625.png"
"1939","3","X3517636.png"
"1940","1","X3517642.png"
"1941","17","X3517814.png"
"1942","15","X3517817.png"
"1943","1","X3517819.png"
"1944","14","X3517823.png"
"1945","14","X3517825.png"
"1946","4","X3517828.png"
"1947","22","X3517829.png"
"1948","6","X3517833.png"
"1949","1","X3517836.png"
"1950","5","X3517838.png"
"1951","15","X3518498.png"
"1952","6","X3518501.png"
"1953","5","X3518509.png"
"1954","4","X3518512.png"
"1955","13","X3518513.png"
"1956","7","X3518514.png"
"1957","3","X3518515.png"
"1958","5","X3518518.png"
"1959","4","X3518530.png"
"1960","15","X3518532.png"
"1961","2","X3518576.png"
"1962","10","X3518581.png"
"1963","25","X3518582.png"
"1964","15","X3518585.png"
"1965","10","X3518586.png"
"1966","3","X3518588.png"
"1967","4","X3518589.png"
"1968","9","X3518590.png"
"1969","6","X3518592.png"
"1970","2","X3518603.png"
"1971","17","X3519949.png"
"1972","3","X3519957.png"
"1973","5","X3519960.png"
"1974","8","X3519961.png"
"1975","12","X3519964.png"
"1976","1","X3519966.png"
"1977","7","X3519970.png"
"1978","2","X3519971.png"
"1979","11","X3519973.png"
"1980","1","X3519975.png"
"1981","3","X3520182.png"
"1982","9","X3520191.png"
"1983","16","X3520198.png"
"1984","15","X3520205.png"
"1985","4","X3520206.png"
"1986","8","X3520207.png"
"1987","2","X3520208.png"
"1988","13","X3520212.png"
"1989","1","X3520218.png"
"1990","15","X3520220.png"
"1991","1","X3521521.png"
"1992","15","X3521522.png"
"1993","8","X3521526.png"
"1994","21","X3521528.png"
"1995","3","X3521529.png"
"1996","5","X3521534.png"
"1997","15","X3521551.png"
"1998","4","X3521553.png"
"1999","4","X3521556.png"
"2000","5","X3521557.png"
"2001","1","X3522173.png"
"2002","1","X3522174.png"
"2003","1","X3522175.png"
"2004","9","X3522179.png"
"2005","22","X3522181.png"
"2006","1","X3522184.png"
"2007","4","X3522196.png"
"2008","3","X3522202.png"
"2009","7","X3522205.png"
"2010","15","X3522206.png"
"2011","19","X3522457.png"
"2012","3","X3522459.png"
"2013","1","X3522460.png"
"2014","13","X3522464.png"
"2015","22","X3522466.png"
"2016","3","X3522468.png"
"2017","6","X3522477.png"
"2018","11","X3522481.png"
"2019","1","X3522482.png"
"2020","9","X3522483.png"
"2021","1","X3523151.png"
"2022","2","X3523158.png"
"2023","1","X3523162.png"
"2024","1","X3523169.png"
"2025","19","X3523176.png"
"2026","1","X3523180.png"
"2027","23","X3523181.png"
"2028","21","X3523183.png"
"2029","15","X3523185.png"
"2030","3","X3523187.png"
"2031","1","X3523957.png"
"2032","4","X3523960.png"
"2033","1","X3523964.png"
"2034","15","X3523966.png"
"2035","13","X3523967.png"
"2036","4","X3523969.png"
"2037","2","X3523970.png"
"2038","5","X3523975.png"
"2039","9","X3523979.png"
"2040","15","X3523985.png"
"2041","1","X3524162.png"
"2042","2","X3524165.png"
"2043","9","X3524169.png"
"2044","1","X3524173.png"
"2045","15","X3524178.png"
"2046","15","X3524179.png"
"2047","1","X3524181.png"
"2048","1","X3524182.png"
"2049","1","X3524183.png"
"2050","3","X3524184.png"
"2051","3","X3524562.png"
"2052","25","X3524567.png"
"2053","15","X3524575.png"
"2054","5","X3524577.png"
"2055","1","X3524579.png"
"2056","3","X3524580.png"
"2057","15","X3524582.png"
"2058","21","X3524591.png"
"2059","1","X3524595.png"
"2060","3","X3524596.png"
"2061","2","X3524839.png"
"2062","4","X3524841.png"
"2063","1","X3524849.png"
"2064","5","X3524852.png"
"2065","19","X3524855.png"
"2066","3","X3524856.png"
"2067","25","X3524861.png"
"2068","13","X3524870.png"
"2069","23","X3524874.png"
"2070","4","X3524876.png"
"2071","4","X3525284.png"
"2072","5","X3525286.png"
"2073","8","X3525288.png"
"2074","3","X3525298.png"
"2075","15","X3525300.png"
"2076","1","X3525303.png"
"2077","1","X3525305.png"
"2078","6","X3525311.png"
"2079","1","X3525316.png"
"2080","13","X3525317.png"
"2081","1","X3525361.png"
"2082","1","X3525362.png"
"2083","3","X3525364.png"
"2084","5","X3525368.png"
"2085","4","X3525370.png"
"2086","15","X3525375.png"
"2087","6","X3525380.png"
"2088","2","X3525385.png"
"2089","5","X3525392.png"
"2090","13","X3525397.png"
"2091","21","X3525402.png"
"2092","13","X3525405.png"
"2093","13","X3525409.png"
"2094","19","X3525410.png"
"2095","15","X3525415.png"
"2096","9","X3525425.png"
"2097","22","X3525430.png"
"2098","3","X3525432.png"
"2099","4","X3525435.png"
"2100","15","X3525437.png"
"2101","1","X3526786.png"
"2102","1","X3526788.png"
"2103","3","X3526790.png"
"2104","5","X3526793.png"
"2105","3","X3526794.png"
"2106","8","X3526803.png"
"2107","3","X3526804.png"
"2108","10","X3526805.png"
"2109","15","X3526810.png"
"2110","3","X3526812.png"
"2111","3","X3527474.png"
"2112","1","X3527476.png"
"2113","3","X3527489.png"
"2114","20","X3527490.png"
"2115","3","X3527492.png"
"2116","3","X3527496.png"
"2117","7","X3527497.png"
"2118","15","X3527499.png"
"2119","1","X3527501.png"
"2120","18","X3527507.png"
"2121","3","X3528443.png"
"2122","1","X3528444.png"
"2123","1","X3528446.png"
"2124","19","X3528458.png"
"2125","5","X3528462.png"
"2126","19","X3528463.png"
"2127","1","X3528466.png"
"2128","5","X3528470.png"
"2129","1","X3528472.png"
"2130","3","X3528473.png"
"2131","13","X3528847.png"
"2132","1","X3528848.png"
"2133","1","X3528850.png"
"2134","18","X3528855.png"
"2135","15","X3528856.png"
"2136","11","X3528857.png"
"2137","15","X3528861.png"
"2138","10","X3528865.png"
"2139","18","X3528874.png"
"2140","17","X3528876.png"
"2141","12","X3529124.png"
"2142","5","X3529126.png"
"2143","1","X3529131.png"
"2144","1","X3529133.png"
"2145","3","X3529144.png"
"2146","13","X3529145.png"
"2147","3","X3529147.png"
"2148","22","X3529151.png"
"2149","1","X3529153.png"
"2150","1","X3529154.png"
"2151","2","X3529408.png"
"2152","10","X3529411.png"
"2153","1","X3529414.png"
"2154","8","X3529421.png"
"2155","1","X3529422.png"
"2156","19","X3529425.png"
"2157","3","X3529426.png"
"2158","13","X3529433.png"
"2159","1","X3529439.png"
"2160","22","X3529441.png"
"2161","12","X3529447.png"
"2162","6","X3529453.png"
"2163","1","X3529460.png"
"2164","18","X3529462.png"
"2165","14","X3529464.png"
"2166","15","X3529468.png"
"2167","1","X3529469.png"
"2168","8","X3529471.png"
"2169","7","X3529477.png"
"2170","3","X3529480.png"
"2171","15","X3530289.png"
"2172","4","X3530291.png"
"2173","7","X3530296.png"
"2174","1","X3530298.png"
"2175","15","X3530300.png"
"2176","6","X3530305.png"
"2177","3","X3530306.png"
"2178","20","X3530314.png"
"2179","1","X3530318.png"
"2180","4","X3530324.png"
"2181","1","X3530895.png"
"2182","1","X3530898.png"
"2183","13","X3530899.png"
"2184","10","X3530901.png"
"2185","1","X3530902.png"
"2186","11","X3530903.png"
"2187","11","X3530904.png"
"2188","9","X3530913.png"
"2189","1","X3530930.png"
"2190","3","X3530932.png"
"2191","15","X3531381.png"
"2192","15","X3531384.png"
"2193","13","X3531392.png"
"2194","14","X3531396.png"
"2195","5","X3531402.png"
"2196","4","X3531403.png"
"2197","7","X3531404.png"
"2198","9","X3531409.png"
"2199","11","X3531414.png"
"2200","1","X3531420.png"
"2201","3","X3531428.png"
"2202","8","X3531431.png"
"2203","3","X3531432.png"
"2204","1","X3531433.png"
"2205","1","X3531439.png"
"2206","3","X3531441.png"
"2207","20","X3531445.png"
"2208","3","X3531452.png"
"2209","5","X3531457.png"
"2210","3","X3531460.png"
"2211","1","X3532516.png"
"2212","1","X3532519.png"
"2213","1","X3532526.png"
"2214","1","X3532527.png"
"2215","21","X3532533.png"
"2216","1","X3532535.png"
"2217","9","X3532539.png"
"2218","7","X3532543.png"
"2219","1","X3532546.png"
"2220","3","X3532549.png"
"2221","1","X3533968.png"
"2222","1","X3533969.png"
"2223","1","X3533974.png"
"2224","6","X3533979.png"
"2225","1","X3533985.png"
"2226","3","X3533989.png"
"2227","4","X3533992.png"
"2228","1","X3533995.png"
"2229","14","X3534001.png"
"2230","15","X3534002.png"
"2231","1","X3535709.png"
"2232","8","X3535712.png"
"2233","3","X3535714.png"
"2234","3","X3535716.png"
"2235","6","X3535717.png"
"2236","3","X3535718.png"
"2237","15","X3535719.png"
"2238","13","X3535720.png"
"2239","15","X3535726.png"
"2240","13","X3535744.png"
"2241","2","X3536235.png"
"2242","1","X3536236.png"
"2243","23","X3536239.png"
"2244","10","X3536241.png"
"2245","1","X3536254.png"
"2246","5","X3536263.png"
"2247","3","X3536264.png"
"2248","1","X3536266.png"
"2249","2","X3536267.png"
"2250","9","X3536268.png"
"2251","1","X3537287.png"
"2252","25","X3537290.png"
"2253","14","X3537296.png"
"2254","10","X3537297.png"
"2255","5","X3537299.png"
"2256","5","X3537300.png"
"2257","13","X3537304.png"
"2258","3","X3537314.png"
"2259","1","X3537317.png"
"2260","7","X3537323.png"
"2261","9","X3537931.png"
"2262","3","X3537933.png"
"2263","13","X3537938.png"
"2264","3","X3537941.png"
"2265","3","X3537942.png"
"2266","25","X3537945.png"
"2267","15","X3537954.png"
"2268","5","X3537955.png"
"2269","8","X3537956.png"
"2270","6","X3537964.png"
"2271","14","X3538959.png"
"2272","11","X3538969.png"
"2273","1","X3538972.png"
"2274","3","X3538980.png"
"2275","1","X3538982.png"
"2276","1","X3538984.png"
"2277","3","X3538990.png"
"2278","23","X3538991.png"
"2279","1","X3538993.png"
"2280","13","X3538994.png"
"2281","10","X3540218.png"
"2282","22","X3540219.png"
"2283","13","X3540227.png"
"2284","13","X3540230.png"
"2285","5","X3540231.png"
"2286","21","X3540236.png"
"2287","17","X3540239.png"
"2288","9","X3540243.png"
"2289","2","X3540247.png"
"2290","1","X3540258.png"
"2291","1","X3542001.png"
"2292","4","X3542006.png"
"2293","1","X3542011.png"
"2294","13","X3542015.png"
"2295","15","X3542017.png"
"2296","20","X3542024.png"
"2297","20","X3542028.png"
"2298","2","X3542030.png"
"2299","13","X3542033.png"
"2300","6","X3542036.png"
"2301","4","X3542169.png"
"2302","1","X3542172.png"
"2303","3","X3542174.png"
"2304","15","X3542177.png"
"2305","1","X3542183.png"
"2306","8","X3542185.png"
"2307","1","X3542186.png"
"2308","2","X3542188.png"
"2309","7","X3542193.png"
"2310","19","X3542195.png"
"2311","15","X3542247.png"
"2312","4","X3542249.png"
"2313","2","X3542252.png"
"2314","9","X3542255.png"
"2315","11","X3542256.png"
"2316","14","X3542268.png"
"2317","15","X3542271.png"
"2318","9","X3542277.png"
"2319","4","X3542278.png"
"2320","3","X3542280.png"
"2321","16","X3542567.png"
"2322","19","X3542572.png"
"2323","1","X3542578.png"
"2324","1","X3542584.png"
"2325","2","X3542585.png"
"2326","18","X3542595.png"
"2327","15","X3542597.png"
"2328","15","X3542599.png"
"2329","7","X3542600.png"
"2330","3","X3542603.png"
"2331","1","X3542766.png"
"2332","1","X3542772.png"
"2333","5","X3542774.png"
"2334","8","X3542775.png"
"2335","5","X3542777.png"
"2336","4","X3542784.png"
"2337","3","X3542785.png"
"2338","1","X3542793.png"
"2339","3","X3542799.png"
"2340","5","X3542800.png"
"2341","10","X3543824.png"
"2342","21","X3543829.png"
"2343","4","X3543836.png"
"2344","2","X3543841.png"
"2345","8","X3543844.png"
"2346","9","X3543846.png"
"2347","3","X3543847.png"
"2348","9","X3543848.png"
"2349","1","X3543850.png"
"2350","4","X3543856.png"
"2351","11","X3544230.png"
"2352","1","X3544231.png"
"2353","3","X3544234.png"
"2354","6","X3544237.png"
"2355","5","X3544246.png"
"2356","1","X3544250.png"
"2357","1","X3544256.png"
"2358","1","X3544260.png"
"2359","6","X3544261.png"
"2360","25","X3544264.png"
"2361","6","X3545113.png"
"2362","2","X3545117.png"
"2363","1","X3545122.png"
"2364","3","X3545127.png"
"2365","5","X3545131.png"
"2366","11","X3545133.png"
"2367","15","X3545136.png"
"2368","1","X3545141.png"
"2369","1","X3545150.png"
"2370","10","X3545152.png"
"2371","23","X3545517.png"
"2372","9","X3545518.png"
"2373","13","X3545524.png"
"2374","13","X3545526.png"
"2375","8","X3545527.png"
"2376","1","X3545534.png"
"2377","3","X3545540.png"
"2378","3","X3545545.png"
"2379","4","X3545546.png"
"2380","9","X3545548.png"
"2381","1","X3545760.png"
"2382","2","X3545764.png"
"2383","22","X3545765.png"
"2384","1","X3545770.png"
"2385","8","X3545779.png"
"2386","24","X3545781.png"
"2387","4","X3545784.png"
"2388","3","X3545789.png"
"2389","17","X3545793.png"
"2390","11","X3545796.png"
"2391","5","X3545884.png"
"2392","13","X3545886.png"
"2393","1","X3545887.png"
"2394","2","X3545888.png"
"2395","5","X3545897.png"
"2396","9","X3545899.png"
"2397","9","X3545905.png"
"2398","1","X3545910.png"
"2399","15","X3545915.png"
"2400","4","X3545917.png"
"2401","1","X3546083.png"
"2402","4","X3546086.png"
"2403","1","X3546091.png"
"2404","20","X3546093.png"
"2405","8","X3546094.png"
"2406","13","X3546100.png"
"2407","14","X3546106.png"
"2408","14","X3546107.png"
"2409","1","X3546109.png"
"2410","6","X3546119.png"
"2411","13","X3547574.png"
"2412","15","X3547575.png"
"2413","1","X3547580.png"
"2414","1","X3547582.png"
"2415","1","X3547585.png"
"2416","14","X3547595.png"
"2417","3","X3547597.png"
"2418","3","X3547601.png"
"2419","15","X3547604.png"
"2420","1","X3547611.png"
"2421","15","X3549307.png"
"2422","1","X3549317.png"
"2423","4","X3549322.png"
"2424","6","X3549324.png"
"2425","3","X3549326.png"
"2426","18","X3549328.png"
"2427","18","X3549330.png"
"2428","5","X3549333.png"
"2429","5","X3549336.png"
"2430","1","X3549338.png"
"2431","11","X3550766.png"
"2432","1","X3550768.png"
"2433","9","X3550774.png"
"2434","3","X3550776.png"
"2435","3","X3550789.png"
"2436","4","X3550793.png"
"2437","7","X3550794.png"
"2438","1","X3550797.png"
"2439","3","X3550798.png"
"2440","13","X3550803.png"
"2441","2","X3551173.png"
"2442","15","X3551174.png"
"2443","3","X3551179.png"
"2444","6","X3551180.png"
"2445","9","X3551186.png"
"2446","1","X3551190.png"
"2447","4","X3551199.png"
"2448","19","X3551201.png"
"2449","15","X3551205.png"
"2450","22","X3551206.png"
"2451","5","X3551293.png"
"2452","5","X3551296.png"
"2453","5","X3551297.png"
"2454","6","X3551299.png"
"2455","11","X3551309.png"
"2456","3","X3551310.png"
"2457","1","X3551314.png"
"2458","3","X3551315.png"
"2459","10","X3551327.png"
"2460","21","X3551328.png"
"2461","2","X3551622.png"
"2462","6","X3551629.png"
"2463","15","X3551635.png"
"2464","15","X3551637.png"
"2465","7","X3551638.png"
"2466","15","X3551641.png"
"2467","1","X3551642.png"
"2468","1","X3551647.png"
"2469","15","X3551650.png"
"2470","1","X3551651.png"
"2471","14","X3551775.png"
"2472","11","X3551776.png"
"2473","13","X3551777.png"
"2474","4","X3551778.png"
"2475","14","X3551783.png"
"2476","8","X3551789.png"
"2477","15","X3551791.png"
"2478","11","X3551792.png"
"2479","8","X3551796.png"
"2480","4","X3551808.png"
"2481","15","X3552505.png"
"2482","1","X3552506.png"
"2483","18","X3552512.png"
"2484","1","X3552513.png"
"2485","2","X3552516.png"
"2486","3","X3552523.png"
"2487","17","X3552524.png"
"2488","6","X3552530.png"
"2489","1","X3552536.png"
"2490","1","X3552538.png"
"2491","11","X3552864.png"
"2492","1","X3552865.png"
"2493","6","X3552867.png"
"2494","2","X3552869.png"
"2495","1","X3552870.png"
"2496","3","X3552872.png"
"2497","18","X3552883.png"
"2498","3","X3552885.png"
"2499","19","X3552897.png"
"2500","11","X3552901.png"
"2501","1","X3553350.png"
"2502","1","X3553352.png"
"2503","3","X3553353.png"
"2504","3","X3553357.png"
"2505","5","X3553363.png"
"2506","13","X3553364.png"
"2507","5","X3553367.png"
"2508","23","X3553374.png"
"2509","3","X3553377.png"
"2510","3","X3553384.png"
"2511","10","X3553751.png"
"2512","3","X3553752.png"
"2513","3","X3553756.png"
"2514","3","X3553757.png"
"2515","1","X3553759.png"
"2516","7","X3553766.png"
"2517","3","X3553777.png"
"2518","13","X3553783.png"
"2519","1","X3553785.png"
"2520","1","X3553786.png"
"2521","10","X3556049.png"
"2522","3","X3556051.png"
"2523","22","X3556058.png"
"2524","14","X3556059.png"
"2525","21","X3556061.png"
"2526","5","X3556064.png"
"2527","23","X3556074.png"
"2528","19","X3556076.png"
"2529","5","X3556078.png"
"2530","1","X3556081.png"
"2531","3","X3556206.png"
"2532","15","X3556209.png"
"2533","1","X3556210.png"
"2534","1","X3556211.png"
"2535","3","X3556216.png"
"2536","22","X3556217.png"
"2537","12","X3556223.png"
"2538","15","X3556228.png"
"2539","5","X3556236.png"
"2540","18","X3556237.png"
"2541","5","X3556812.png"
"2542","15","X3556820.png"
"2543","3","X3556823.png"
"2544","13","X3556828.png"
"2545","3","X3556832.png"
"2546","3","X3556836.png"
"2547","15","X3556840.png"
"2548","15","X3556847.png"
"2549","15","X3556848.png"
"2550","1","X3556849.png"
"2551","3","X3559012.png"
"2552","17","X3559016.png"
"2553","8","X3559017.png"
"2554","15","X3559018.png"
"2555","6","X3559020.png"
"2556","4","X3559025.png"
"2557","8","X3559034.png"
"2558","5","X3559035.png"
"2559","4","X3559038.png"
"2560","10","X3559047.png"
"2561","2","X3559664.png"
"2562","2","X3559666.png"
"2563","3","X3559673.png"
"2564","6","X3559678.png"
"2565","4","X3559681.png"
"2566","9","X3559685.png"
"2567","9","X3559689.png"
"2568","13","X3559696.png"
"2569","1","X3559699.png"
"2570","2","X3559702.png"
"2571","3","X3559745.png"
"2572","3","X3559746.png"
"2573","1","X3559752.png"
"2574","3","X3559753.png"
"2575","1","X3559754.png"
"2576","8","X3559756.png"
"2577","20","X3559757.png"
"2578","15","X3559764.png"
"2579","3","X3559765.png"
"2580","1","X3559773.png"
"2581","1","X3560390.png"
"2582","10","X3560393.png"
"2583","2","X3560397.png"
"2584","17","X3560405.png"
"2585","15","X3560410.png"
"2586","3","X3560412.png"
"2587","10","X3560413.png"
"2588","1","X3560415.png"
"2589","2","X3560416.png"
"2590","3","X3560417.png"
"2591","4","X3560876.png"
"2592","7","X3560884.png"
"2593","11","X3560888.png"
"2594","15","X3560892.png"
"2595","15","X3560894.png"
"2596","3","X3560897.png"
"2597","4","X3560903.png"
"2598","3","X3560905.png"
"2599","15","X3560907.png"
"2600","3","X3560908.png"
"2601","2","X3560913.png"
"2602","1","X3560924.png"
"2603","8","X3560933.png"
"2604","2","X3560937.png"
"2605","1","X3560939.png"
"2606","23","X3560944.png"
"2607","23","X3560945.png"
"2608","3","X3560947.png"
"2609","7","X3560948.png"
"2610","1","X3560950.png"
"2611","16","X3560995.png"
"2612","1","X3560999.png"
"2613","15","X3561001.png"
"2614","1","X3561011.png"
"2615","1","X3561012.png"
"2616","1","X3561020.png"
"2617","2","X3561021.png"
"2618","8","X3561023.png"
"2619","1","X3561024.png"
"2620","4","X3561028.png"
"2621","1","X3562530.png"
"2622","1","X3562538.png"
"2623","2","X3562540.png"
"2624","1","X3562542.png"
"2625","1","X3562549.png"
"2626","9","X3562552.png"
"2627","4","X3562554.png"
"2628","15","X3562555.png"
"2629","3","X3562562.png"
"2630","15","X3562566.png"
"2631","13","X3563838.png"
"2632","6","X3563839.png"
"2633","11","X3563842.png"
"2634","1","X3563843.png"
"2635","15","X3563851.png"
"2636","3","X3563855.png"
"2637","1","X3563856.png"
"2638","1","X3563857.png"
"2639","23","X3563858.png"
"2640","1","X3563863.png"
"2641","1","X3563959.png"
"2642","15","X3563960.png"
"2643","1","X3563962.png"
"2644","2","X3563969.png"
"2645","22","X3563972.png"
"2646","15","X3563973.png"
"2647","6","X3563979.png"
"2648","3","X3563982.png"
"2649","7","X3563990.png"
"2650","17","X3563993.png"
"2651","4","X3564723.png"
"2652","3","X3564728.png"
"2653","5","X3564733.png"
"2654","13","X3564734.png"
"2655","15","X3564738.png"
"2656","9","X3564739.png"
"2657","3","X3564745.png"
"2658","3","X3564752.png"
"2659","21","X3564753.png"
"2660","9","X3564758.png"
"2661","1","X3565207.png"
"2662","3","X3565211.png"
"2663","13","X3565212.png"
"2664","1","X3565214.png"
"2665","15","X3565215.png"
"2666","22","X3565218.png"
"2667","23","X3565222.png"
"2668","3","X3565224.png"
"2669","1","X3565242.png"
"2670","1","X3565247.png"
"2671","4","X3565666.png"
"2672","5","X3565670.png"
"2673","3","X3565672.png"
"2674","1","X3565676.png"
"2675","1","X3565679.png"
"2676","20","X3565682.png"
"2677","2","X3565683.png"
"2678","1","X3565685.png"
"2679","5","X3565689.png"
"2680","1","X3565690.png"
"2681","1","X3565974.png"
"2682","1","X3565975.png"
"2683","1","X3565982.png"
"2684","4","X3565994.png"
"2685","1","X3565997.png"
"2686","3","X3565998.png"
"2687","14","X3566005.png"
"2688","9","X3566006.png"
"2689","6","X3566011.png"
"2690","1","X3566012.png"
"2691","3","X3566014.png"
"2692","1","X3566016.png"
"2693","7","X3566018.png"
"2694","17","X3566019.png"
"2695","12","X3566025.png"
"2696","1","X3566033.png"
"2697","1","X3566037.png"
"2698","1","X3566044.png"
"2699","19","X3566046.png"
"2700","5","X3566050.png"
"2701","3","X3566095.png"
"2702","1","X3566098.png"
"2703","3","X3566106.png"
"2704","1","X3566108.png"
"2705","3","X3566112.png"
"2706","5","X3566113.png"
"2707","1","X3566114.png"
"2708","20","X3566124.png"
"2709","1","X3566131.png"
"2710","15","X3566134.png"
"2711","3","X3566860.png"
"2712","11","X3566862.png"
"2713","9","X3566864.png"
"2714","5","X3566871.png"
"2715","6","X3566874.png"
"2716","6","X3566875.png"
"2717","10","X3566877.png"
"2718","24","X3566886.png"
"2719","16","X3566893.png"
"2720","4","X3566894.png"
"2721","5","X3567703.png"
"2722","4","X3567704.png"
"2723","1","X3567713.png"
"2724","8","X3567715.png"
"2725","3","X3567718.png"
"2726","13","X3567719.png"
"2727","3","X3567720.png"
"2728","15","X3567721.png"
"2729","9","X3567731.png"
"2730","1","X3567734.png"
"2731","10","X3569157.png"
"2732","4","X3569158.png"
"2733","1","X3569163.png"
"2734","1","X3569165.png"
"2735","3","X3569166.png"
"2736","15","X3569169.png"
"2737","3","X3569176.png"
"2738","3","X3569183.png"
"2739","1","X3569187.png"
"2740","15","X3569195.png"
"2741","3","X3570125.png"
"2742","4","X3570128.png"
"2743","4","X3570129.png"
"2744","5","X3570133.png"
"2745","17","X3570135.png"
"2746","16","X3570139.png"
"2747","15","X3570141.png"
"2748","1","X3570146.png"
"2749","18","X3570147.png"
"2750","1","X3570155.png"
"2751","13","X3570448.png"
"2752","1","X3570458.png"
"2753","3","X3570459.png"
"2754","1","X3570465.png"
"2755","1","X3570466.png"
"2756","11","X3570467.png"
"2757","4","X3570475.png"
"2758","5","X3570479.png"
"2759","13","X3570484.png"
"2760","15","X3570486.png"
"2761","3","X3570773.png"
"2762","1","X3570775.png"
"2763","1","X3570778.png"
"2764","12","X3570781.png"
"2765","4","X3570782.png"
"2766","5","X3570791.png"
"2767","1","X3570798.png"
"2768","23","X3570801.png"
"2769","3","X3570807.png"
"2770","1","X3570808.png"
"2771","1","X3571467.png"
"2772","22","X3571469.png"
"2773","15","X3571473.png"
"2774","22","X3571475.png"
"2775","5","X3571477.png"
"2776","15","X3571478.png"
"2777","10","X3571482.png"
"2778","3","X3571485.png"
"2779","3","X3571487.png"
"2780","3","X3571492.png"
"2781","4","X3571861.png"
"2782","15","X3571871.png"
"2783","13","X3571880.png"
"2784","15","X3571883.png"
"2785","3","X3571886.png"
"2786","1","X3571890.png"
"2787","13","X3571892.png"
"2788","13","X3571895.png"
"2789","13","X3571896.png"
"2790","1","X3571899.png"
"2791","6","X3572104.png"
"2792","1","X3572110.png"
"2793","6","X3572113.png"
"2794","4","X3572124.png"
"2795","23","X3572125.png"
"2796","3","X3572126.png"
"2797","9","X3572132.png"
"2798","7","X3572134.png"
"2799","2","X3572135.png"
"2800","7","X3572139.png"
"2801","20","X3572424.png"
"2802","1","X3572425.png"
"2803","4","X3572431.png"
"2804","1","X3572435.png"
"2805","20","X3572438.png"
"2806","3","X3572452.png"
"2807","20","X3572453.png"
"2808","4","X3572455.png"
"2809","15","X3572456.png"
"2810","3","X3572462.png"
"2811","1","X3573111.png"
"2812","7","X3573112.png"
"2813","11","X3573113.png"
"2814","1","X3573115.png"
"2815","3","X3573118.png"
"2816","1","X3573123.png"
"2817","13","X3573137.png"
"2818","12","X3573143.png"
"2819","1","X3573144.png"
"2820","19","X3573148.png"
"2821","3","X3573395.png"
"2822","24","X3573397.png"
"2823","9","X3573398.png"
"2824","1","X3573405.png"
"2825","1","X3573411.png"
"2826","1","X3573414.png"
"2827","19","X3573415.png"
"2828","15","X3573419.png"
"2829","5","X3573421.png"
"2830","11","X3573426.png"
"2831","14","X3573486.png"
"2832","7","X3573487.png"
"2833","1","X3573490.png"
"2834","6","X3573492.png"
"2835","6","X3573495.png"
"2836","3","X3573497.png"
"2837","3","X3573499.png"
"2838","8","X3573508.png"
"2839","1","X3573509.png"
"2840","3","X3573511.png"
"2841","3","X3575856.png"
"2842","13","X3575857.png"
"2843","20","X3575867.png"
"2844","21","X3575869.png"
"2845","3","X3575872.png"
"2846","15","X3575875.png"
"2847","1","X3575879.png"
"2848","15","X3575885.png"
"2849","5","X3575889.png"
"2850","3","X3575892.png"
"2851","15","X3576742.png"
"2852","3","X3576749.png"
"2853","13","X3576751.png"
"2854","7","X3576753.png"
"2855","4","X3576756.png"
"2856","10","X3576760.png"
"2857","1","X3576761.png"
"2858","3","X3576766.png"
"2859","3","X3576767.png"
"2860","13","X3576768.png"
"2861","2","X3577465.png"
"2862","1","X3577469.png"
"2863","6","X3577473.png"
"2864","18","X3577474.png"
"2865","4","X3577477.png"
"2866","1","X3577487.png"
"2867","19","X3577488.png"
"2868","5","X3577489.png"
"2869","5","X3577492.png"
"2870","3","X3577500.png"
"2871","1","X3577754.png"
"2872","2","X3577757.png"
"2873","15","X3577759.png"
"2874","11","X3577760.png"
"2875","3","X3577765.png"
"2876","1","X3577768.png"
"2877","6","X3577773.png"
"2878","8","X3577779.png"
"2879","3","X3577781.png"
"2880","5","X3577783.png"
"2881","15","X3578072.png"
"2882","5","X3578075.png"
"2883","1","X3578077.png"
"2884","13","X3578085.png"
"2885","3","X3578087.png"
"2886","25","X3578090.png"
"2887","15","X3578092.png"
"2888","6","X3578099.png"
"2889","6","X3578105.png"
"2890","1","X3578108.png"
"2891","17","X3578393.png"
"2892","11","X3578395.png"
"2893","19","X3578396.png"
"2894","1","X3578398.png"
"2895","3","X3578401.png"
"2896","4","X3578408.png"
"2897","22","X3578410.png"
"2898","17","X3578411.png"
"2899","8","X3578422.png"
"2900","3","X3578427.png"
"2901","6","X3578759.png"
"2902","11","X3578765.png"
"2903","4","X3578769.png"
"2904","1","X3578772.png"
"2905","13","X3578776.png"
"2906","15","X3578778.png"
"2907","3","X3578779.png"
"2908","15","X3578783.png"
"2909","10","X3578789.png"
"2910","11","X3578790.png"
"2911","2","X3579401.png"
"2912","3","X3579402.png"
"2913","15","X3579406.png"
"2914","14","X3579408.png"
"2915","1","X3579421.png"
"2916","1","X3579422.png"
"2917","3","X3579423.png"
"2918","13","X3579432.png"
"2919","12","X3579438.png"
"2920","3","X3579439.png"
"2921","9","X3580250.png"
"2922","15","X3580255.png"
"2923","10","X3580260.png"
"2924","15","X3580263.png"
"2925","14","X3580264.png"
"2926","7","X3580266.png"
"2927","15","X3580271.png"
"2928","12","X3580274.png"
"2929","10","X3580276.png"
"2930","4","X3580278.png"
"2931","15","X3580984.png"
"2932","4","X3580986.png"
"2933","1","X3580997.png"
"2934","5","X3580998.png"
"2935","4","X3581000.png"
"2936","7","X3581004.png"
"2937","3","X3581011.png"
"2938","1","X3581017.png"
"2939","1","X3581018.png"
"2940","3","X3581021.png"
"2941","1","X3581265.png"
"2942","1","X3581269.png"
"2943","1","X3581274.png"
"2944","4","X3581277.png"
"2945","4","X3581279.png"
"2946","3","X3581282.png"
"2947","5","X3581283.png"
"2948","1","X3581285.png"
"2949","15","X3581304.png"
"2950","9","X3581305.png"
"2951","1","X3581834.png"
"2952","21","X3581845.png"
"2953","15","X3581850.png"
"2954","1","X3581853.png"
"2955","3","X3581855.png"
"2956","15","X3581859.png"
"2957","5","X3581860.png"
"2958","3","X3581866.png"
"2959","3","X3581867.png"
"2960","3","X3581868.png"
"2961","1","X3582393.png"
"2962","4","X3582398.png"
"2963","1","X3582400.png"
"2964","8","X3582414.png"
"2965","1","X3582415.png"
"2966","1","X3582417.png"
"2967","24","X3582419.png"
"2968","1","X3582424.png"
"2969","25","X3582425.png"
"2970","3","X3582427.png"
"2971","14","X3582672.png"
"2972","4","X3582673.png"
"2973","14","X3582674.png"
"2974","14","X3582676.png"
"2975","22","X3582684.png"
"2976","4","X3582690.png"
"2977","9","X3582697.png"
"2978","20","X3582701.png"
"2979","1","X3582707.png"
"2980","10","X3582710.png"
"2981","5","X3582713.png"
"2982","21","X3582719.png"
"2983","18","X3582720.png"
"2984","5","X3582724.png"
"2985","13","X3582726.png"
"2986","25","X3582727.png"
"2987","6","X3582728.png"
"2988","2","X3582729.png"
"2989","15","X3582731.png"
"2990","1","X3582740.png"
"2991","4","X3582917.png"
"2992","9","X3582918.png"
"2993","21","X3582919.png"
"2994","1","X3582920.png"
"2995","25","X3582924.png"
"2996","1","X3582935.png"
"2997","20","X3582938.png"
"2998","5","X3582942.png"
"2999","11","X3582946.png"
"3000","13","X3582950.png"
